[
    {
        "actionName": "Action",
        "steps": [
            {
                "stepId": "STEP1",
                "stepName": "Url: canonical.html",
                "infFile": "t1.inf",
                "time": 1722423684019
            },
            {
                "stepId": "STEP2",
                "stepName": "Url: banking",
                "infFile": "t2.inf",
                "time": 1722423684068
            },
            {
                "stepId": "STEP3",
                "stepName": "Url: update.xml",
                "infFile": "t12.inf",
                "time": 1722423685625
            },
            {
                "stepId": "STEP4",
                "stepName": "Custom Request: 57b60a8e-e35a-44b3-a257-19b6f9293a20",
                "infFile": "t13.inf",
                "time": 1722423686118
            },
            {
                "stepId": "STEP5",
                "stepName": "Custom Request: 54b38b97-8db4-4545-81b9-96b0d777adf8",
                "infFile": "t14.inf",
                "time": 1722423686409
            },
            {
                "stepId": "STEP6",
                "stepName": "Custom Request: 117d2adb-368d-42f5-82c6-b03e4a3e7b00",
                "infFile": "t15.inf",
                "time": 1722423686729
            },
            {
                "stepId": "STEP7",
                "stepName": "Custom Request: 92b2308d-bc92-43a5-89b9-db6fa3e85f98",
                "infFile": "t16.inf",
                "time": 1722423687098
            },
            {
                "stepId": "STEP8",
                "stepName": "Custom Request: 45a5f73d-6199-468b-9670-a82479871e6c",
                "infFile": "t17.inf",
                "time": 1722423687438
            },
            {
                "stepId": "STEP9",
                "stepName": "Url: staff_login.php",
                "infFile": "t18.inf",
                "time": 1722423687485
            },
            {
                "stepId": "STEP10",
                "stepName": "Submit Data: staff_login.php_2",
                "infFile": "t19.inf",
                "time": 1722423687514
            },
            {
                "stepId": "STEP11",
                "stepName": "Url: canonical.html_2",
                "infFile": "t20.inf",
                "time": 1722423688620
            },
            {
                "stepId": "STEP12",
                "stepName": "Submit Data: staff_profile.php",
                "infFile": "t21.inf",
                "time": 1722423688702
            },
            {
                "stepId": "STEP13",
                "stepName": "Submit Data: pending_customers.php",
                "infFile": "t22.inf",
                "time": 1722423688763
            },
            {
                "stepId": "STEP14",
                "stepName": "Submit Data: pending_customers.php_2",
                "infFile": "t23.inf",
                "time": 1722423688862
            },
            {
                "stepId": "STEP15",
                "stepName": "Url: staff_logout.php",
                "infFile": "t24.inf",
                "time": 1722423688900
            }
        ],
        "transactions": [
            {
                "transactionName": "TR01_Launch",
                "rawStartTime": 1722423682487,
                "rawEndTime": 1722423687440,
                "thinkTime": 0.0,
                "wastedTime": 2.3482152976989747
            },
            {
                "transactionName": "TR02_StaffLogin",
                "rawStartTime": 1722423687444,
                "rawEndTime": 1722423687486,
                "thinkTime": 0.0,
                "wastedTime": 0.017283201217651368
            },
            {
                "transactionName": "TR03_Login",
                "rawStartTime": 1722423687488,
                "rawEndTime": 1722423688621,
                "thinkTime": 0.0,
                "wastedTime": 1.0662022533416742
            },
            {
                "transactionName": "TR04_ApprovePendingAccount",
                "rawStartTime": 1722423688623,
                "rawEndTime": 1722423688704,
                "thinkTime": 0.0,
                "wastedTime": 0.009789466857910157
            },
            {
                "transactionName": "TR05_ApplicationNumber",
                "rawStartTime": 1722423688708,
                "rawEndTime": 1722423688765,
                "thinkTime": 0.0,
                "wastedTime": 0.0066564083099365238
            },
            {
                "transactionName": "TR06_Confirm",
                "rawStartTime": 1722423688769,
                "rawEndTime": 1722423688864,
                "thinkTime": 0.0,
                "wastedTime": 0.007581949234008789
            },
            {
                "transactionName": "TR09_LogOut",
                "rawStartTime": 1722423688866,
                "rawEndTime": 1722423688902,
                "thinkTime": 0.0,
                "wastedTime": 0.015702247619628907
            }
        ]
    }
]