<?xml version="1.0" encoding="utf-8"?>
<VugenScriptMetadata>
  <ScriptName>FinalAssesment_2</ScriptName>
  <Protocol>Web - HTTP/HTML</Protocol>
  <ActionFiles>
    <FileEntry Name="vuser_init.c" Filter="2" />
    <FileEntry Name="Action.c" Filter="2" />
    <FileEntry Name="vuser_end.c" Filter="2" />
  </ActionFiles>
  <GeneralFiles>
    <FileEntry Name="FinalAssesment_2.usr" Filter="4" />
    <FileEntry Name="default.cfg" Filter="4" />
    <FileEntry Name="default.usp" Filter="4" />
    <FileEntry Name="FinalAssesment_2.prm" Filter="2" />
    <FileEntry Name="globals.h" Filter="2" />
    <FileEntry Name="WebSocketBuffer.h" Filter="2" />
    <FileEntry Name="WebSocketCB.c" Filter="2" />
    <FileEntry Name="P_ApplicationNumber.dat" Filter="2" />
    <FileEntry Name="P_Staff_id.dat" Filter="2" />
    <FileEntry Name="combined_FinalAssesment_2.c" Filter="2" />
    <FileEntry Name="pre_cci.c" Filter="2" />
    <FileEntry Name="129272331440.idx" Filter="1" />
    <FileEntry Name="159792100440.idx" Filter="1" />
    <FileEntry Name="15979210044_1NQ.163.idx" Filter="1" />
    <FileEntry Name="15979210044_55M.845.idx" Filter="1" />
    <FileEntry Name="15979210044_68F.927.idx" Filter="1" />
    <FileEntry Name="15979210044_a4j.827.idx" Filter="1" />
    <FileEntry Name="15979210044_aa8.683.idx" Filter="1" />
    <FileEntry Name="15979210044_bEG.537.idx" Filter="1" />
    <FileEntry Name="15979210044_cDP.667.idx" Filter="1" />
    <FileEntry Name="15979210044_dFw.571.idx" Filter="1" />
    <FileEntry Name="15979210044_dUi.663.idx" Filter="1" />
    <FileEntry Name="15979210044_EKt.311.idx" Filter="1" />
    <FileEntry Name="15979210044_HrX.219.idx" Filter="1" />
    <FileEntry Name="15979210044_Irl.987.idx" Filter="1" />
    <FileEntry Name="15979210044_JFJ.667.idx" Filter="1" />
    <FileEntry Name="15979210044_jHk.365.idx" Filter="1" />
    <FileEntry Name="15979210044_L6s.945.idx" Filter="1" />
    <FileEntry Name="15979210044_oVO.281.idx" Filter="1" />
    <FileEntry Name="15979210044_pCe.203.idx" Filter="1" />
    <FileEntry Name="15979210044_rhJ.377.idx" Filter="1" />
    <FileEntry Name="15979210044_RIp.227.idx" Filter="1" />
    <FileEntry Name="15979210044_RSF.799.idx" Filter="1" />
    <FileEntry Name="15979210044_T9R.991.idx" Filter="1" />
    <FileEntry Name="15979210044_wIy.557.idx" Filter="1" />
    <FileEntry Name="15979210044_WPG.945.idx" Filter="1" />
    <FileEntry Name="15979210044_wX6.941.idx" Filter="1" />
    <FileEntry Name="15979210044_Y33.503.idx" Filter="1" />
    <FileEntry Name="15979210044_Yj1.927.idx" Filter="1" />
    <FileEntry Name="15979210044_ypG.559.idx" Filter="1" />
    <FileEntry Name="15979210044_YuW.737.idx" Filter="1" />
    <FileEntry Name="Bookmarks.xml" Filter="1" />
    <FileEntry Name="Breakpoints.xml" Filter="1" />
    <FileEntry Name="CompilerLogMetadata.xml" Filter="1" />
    <FileEntry Name="custom_body_variables.txt" Filter="1" />
    <FileEntry Name="data.zip" Filter="1" />
    <FileEntry Name="FinalAssesment_2.c.pickle" Filter="1" />
    <FileEntry Name="FinalAssesment_2.ci" Filter="1" />
    <FileEntry Name="FinalAssesment_2.prm.bak" Filter="1" />
    <FileEntry Name="logfile.log" Filter="1" />
    <FileEntry Name="lrw_custom_body.h" Filter="1" />
    <FileEntry Name="mdrv.log" Filter="1" />
    <FileEntry Name="mdrv_cmd.txt" Filter="1" />
    <FileEntry Name="options.txt" Filter="1" />
    <FileEntry Name="output.bak" Filter="1" />
    <FileEntry Name="output.txt" Filter="1" />
    <FileEntry Name="OutputColoringDatabase.json" Filter="1" />
    <FileEntry Name="ReplaySummaryReport.xml" Filter="1" />
    <FileEntry Name="ScriptUploadMetadata.xml" Filter="1" />
    <FileEntry Name="ThumbnailsCache.tmp" Filter="1" />
    <FileEntry Name="UserTasks.xml" Filter="1" />
    <FileEntry Name="data\" Filter="1" />
    <FileEntry Name="result1\" Filter="1" />
  </GeneralFiles>
</VugenScriptMetadata>