{
  "FilterHeaders": [
    {
      "Header": "x-telemetry-agent",
      "IncludeInScript": false
    },
    {
      "Header": "user-agent",
      "IncludeInScript": false
    },
    {
      "Header": "upgrade-insecure-requests",
      "IncludeInScript": false
    },
    {
      "Header": "upgrade",
      "IncludeInScript": false
    },
    {
      "Header": "sec-websocket-version",
      "IncludeInScript": false
    },
    {
      "Header": "sec-websocket-protocol",
      "IncludeInScript": false
    },
    {
      "Header": "sec-websocket-key",
      "IncludeInScript": false
    },
    {
      "Header": "sec-websocket-extensions",
      "IncludeInScript": false
    },
    {
      "Header": "sec-gpc",
      "IncludeInScript": false
    },
    {
      "Header": "sec-fetch-user",
      "IncludeInScript": false
    },
    {
      "Header": "sec-fetch-site",
      "IncludeInScript": false
    },
    {
      "Header": "sec-fetch-mode",
      "IncludeInScript": false
    },
    {
      "Header": "sec-fetch-dest",
      "IncludeInScript": false
    },
    {
      "Header": "priority",
      "IncludeInScript": false
    },
    {
      "Header": "pragma",
      "IncludeInScript": false
    },
    {
      "Header": "origin",
      "IncludeInScript": false
    },
    {
      "Header": "dnt",
      "IncludeInScript": false
    },
    {
      "Header": "date",
      "IncludeInScript": false
    },
    {
      "Header": "content-encoding",
      "IncludeInScript": false
    },
    {
      "Header": "cache-control",
      "IncludeInScript": false
    },
    {
      "Header": "accept-language",
      "IncludeInScript": false
    },
    {
      "Header": "accept-encoding",
      "IncludeInScript": false
    },
    {
      "Header": "accept",
      "IncludeInScript": false
    }
  ],
  "FilterResources": [
    {
      "IsNonResource": true,
      "type": "text/xml"
    },
    {
      "IsNonResource": false,
      "type": "text/plain"
    },
    {
      "IsNonResource": true,
      "type": "text/html"
    },
    {
      "IsNonResource": false,
      "type": "text/css"
    },
    {
      "IsNonResource": false,
      "type": "image/x-icon"
    },
    {
      "IsNonResource": false,
      "type": "image/png"
    },
    {
      "IsNonResource": false,
      "type": "image/jpeg"
    },
    {
      "IsNonResource": false,
      "type": "application/ocsp-response"
    }
  ],
  "GeneralInfo": {
    "BrowserVersion": "",
    "IsWinInetMode": false,
    "MaxUsedConnections": 20,
    "RecordedBrowser": "Firefox",
    "RecordingDate": "Jul-31-2024",
    "RecordingDuration": 472218,
    "RecordingMode": "N/A",
    "RecordingTimeStamp": 1722409333,
    "RecordingType": "Browser",
    "TotalBytesReceived": 191155,
    "TotalBytesSent": 34839,
    "TotalRequests": 42,
    "UserAgent": "Mozilla/5.0 (Windows NT 10.0; Win64; x64; rv:128.0) Gecko/20100101 Firefox/128.0"
  },
  "HostInfo": [
    {
      "DomainName": "mozilla.org",
      "Domains": [
        {
          "HTTPVersion": "HTTP/1.1",
          "IP": "34.120.208.123",
          "IncludeInScript": true,
          "Name": "incoming.telemetry.mozilla.org",
          "Port": 443,
          "Requests": [
            {
              "CompressionType": "gzip",
              "DataType": "text/plain",
              "DownloadTime": 266,
              "EventId": 528,
              "HttpStatus": 200,
              "Size": 0,
              "URL": "https://incoming.telemetry.mozilla.org/submit/firefox-desktop/baseline/1/45a5f73d-6199-468b-9670-a82479871e6c"
            },
            {
              "CompressionType": "gzip",
              "DataType": "text/plain",
              "DownloadTime": 266,
              "EventId": 525,
              "HttpStatus": 200,
              "Size": 0,
              "URL": "https://incoming.telemetry.mozilla.org/submit/firefox-desktop/newtab/1/92b2308d-bc92-43a5-89b9-db6fa3e85f98"
            },
            {
              "CompressionType": "gzip",
              "DataType": "text/plain",
              "DownloadTime": 250,
              "EventId": 522,
              "HttpStatus": 200,
              "Size": 0,
              "URL": "https://incoming.telemetry.mozilla.org/submit/firefox-desktop/pageload/1/117d2adb-368d-42f5-82c6-b03e4a3e7b00"
            },
            {
              "CompressionType": "gzip",
              "DataType": "text/plain",
              "DownloadTime": 297,
              "EventId": 520,
              "HttpStatus": 200,
              "Size": 0,
              "URL": "https://incoming.telemetry.mozilla.org/submit/firefox-desktop/use-counters/1/54b38b97-8db4-4545-81b9-96b0d777adf8"
            },
            {
              "CompressionType": "gzip",
              "DataType": "text/plain",
              "DownloadTime": 297,
              "EventId": 516,
              "HttpStatus": 200,
              "Size": 0,
              "URL": "https://incoming.telemetry.mozilla.org/submit/firefox-desktop/events/1/57b60a8e-e35a-44b3-a257-19b6f9293a20"
            }
          ],
          "SSLCipher": "",
          "SSLVersion": ""
        },
        {
          "HTTPVersion": "HTTP/1.1",
          "IP": "35.244.181.201",
          "IncludeInScript": true,
          "Name": "aus5.mozilla.org",
          "Port": 443,
          "Requests": [
            {
              "CompressionType": "",
              "DataType": "text/xml",
              "DownloadTime": 250,
              "EventId": 513,
              "HttpStatus": 200,
              "Size": 42,
              "URL": "https://aus5.mozilla.org/update/6/Firefox/128.0.3/20240725162350/WINNT_x86_64-msvc-x64/en-US/release/Windows_NT%252010.0.0.0.20348.887%2520(x64)/ISET%3ASSE4_2%2CMEM%3A16196/default/default/update.xml?force=1"
            }
          ],
          "SSLCipher": "",
          "SSLVersion": ""
        }
      ],
      "IncludeInScript": true
    },
    {
      "DomainName": "mozilla.com",
      "Domains": [
        {
          "HTTPVersion": "HTTP/1.1",
          "IP": "34.107.243.93",
          "IncludeInScript": true,
          "Name": "push.services.mozilla.com",
          "Port": 443,
          "Requests": [
            {
              "CompressionType": "",
              "DataType": "",
              "DownloadTime": 266,
              "EventId": 508,
              "HttpStatus": 101,
              "Size": 0,
              "URL": "https://push.services.mozilla.com/"
            }
          ],
          "SSLCipher": "",
          "SSLVersion": ""
        }
      ],
      "IncludeInScript": true
    },
    {
      "DomainName": "localhost",
      "Domains": [
        {
          "HTTPVersion": "HTTP/1.1",
          "IP": "[::1]",
          "IncludeInScript": true,
          "Name": "localhost",
          "Port": 80,
          "Requests": [
            {
              "CompressionType": "",
              "DataType": "text/html",
              "DownloadTime": 31,
              "EventId": 658,
              "HttpStatus": 200,
              "Size": 3851,
              "URL": "http://localhost/banking/staff_login.php"
            },
            {
              "CompressionType": "",
              "DataType": "text/html",
              "DownloadTime": 31,
              "EventId": 656,
              "HttpStatus": 302,
              "Size": 0,
              "URL": "http://localhost/banking/staff_logout.php"
            },
            {
              "CompressionType": "",
              "DataType": "text/html",
              "DownloadTime": 63,
              "EventId": 645,
              "HttpStatus": 200,
              "Size": 4759,
              "URL": "http://localhost/banking/pending_customers.php"
            },
            {
              "CompressionType": "",
              "DataType": "text/html",
              "DownloadTime": 15,
              "EventId": 634,
              "HttpStatus": 200,
              "Size": 5166,
              "URL": "http://localhost/banking/pending_customers.php"
            },
            {
              "CompressionType": "",
              "DataType": "text/css",
              "DownloadTime": 0,
              "EventId": 608,
              "HttpStatus": 200,
              "Size": 1628,
              "URL": "http://localhost/banking/css/pending_customers.css"
            },
            {
              "CompressionType": "",
              "DataType": "text/html",
              "DownloadTime": 16,
              "EventId": 606,
              "HttpStatus": 200,
              "Size": 4627,
              "URL": "http://localhost/banking/pending_customers.php"
            },
            {
              "CompressionType": "",
              "DataType": "text/html",
              "DownloadTime": 32,
              "EventId": 604,
              "HttpStatus": 302,
              "Size": 4199,
              "URL": "http://localhost/banking/staff_profile.php"
            },
            {
              "CompressionType": "",
              "DataType": "image/jpeg",
              "DownloadTime": 0,
              "EventId": 571,
              "HttpStatus": 200,
              "Size": 8371,
              "URL": "http://localhost/banking/img/customers/No_image.jpg"
            },
            {
              "CompressionType": "",
              "DataType": "text/css",
              "DownloadTime": 0,
              "EventId": 567,
              "HttpStatus": 200,
              "Size": 1753,
              "URL": "http://localhost/banking/css/staff_profile_header.css"
            },
            {
              "CompressionType": "",
              "DataType": "text/css",
              "DownloadTime": 0,
              "EventId": 563,
              "HttpStatus": 200,
              "Size": 497,
              "URL": "http://localhost/banking/css/staff_profile.css"
            },
            {
              "CompressionType": "",
              "DataType": "text/html",
              "DownloadTime": 16,
              "EventId": 561,
              "HttpStatus": 200,
              "Size": 4199,
              "URL": "http://localhost/banking/staff_profile.php"
            },
            {
              "CompressionType": "",
              "DataType": "text/html",
              "DownloadTime": 16,
              "EventId": 559,
              "HttpStatus": 302,
              "Size": 3851,
              "URL": "http://localhost/banking/staff_login.php"
            },
            {
              "CompressionType": "",
              "DataType": "image/x-icon",
              "DownloadTime": 0,
              "EventId": 548,
              "HttpStatus": 200,
              "Size": 30894,
              "URL": "http://localhost/favicon.ico"
            },
            {
              "CompressionType": "",
              "DataType": "image/png",
              "DownloadTime": 15,
              "EventId": 545,
              "HttpStatus": 200,
              "Size": 28850,
              "URL": "http://localhost/banking/img/home-logo-hi.png"
            },
            {
              "CompressionType": "",
              "DataType": "text/css",
              "DownloadTime": 16,
              "EventId": 541,
              "HttpStatus": 200,
              "Size": 2175,
              "URL": "http://localhost/banking/css/staff_login.css"
            },
            {
              "CompressionType": "",
              "DataType": "text/html",
              "DownloadTime": 15,
              "EventId": 539,
              "HttpStatus": 200,
              "Size": 3851,
              "URL": "http://localhost/banking/staff_login.php"
            },
            {
              "CompressionType": "",
              "DataType": "image/jpeg",
              "DownloadTime": 0,
              "EventId": 448,
              "HttpStatus": 200,
              "Size": 15800,
              "URL": "http://localhost/banking/img/chase.jpg"
            },
            {
              "CompressionType": "",
              "DataType": "text/css",
              "DownloadTime": 0,
              "EventId": 445,
              "HttpStatus": 200,
              "Size": 2300,
              "URL": "http://localhost/banking/css/footer.css"
            },
            {
              "CompressionType": "",
              "DataType": "image/jpeg",
              "DownloadTime": 16,
              "EventId": 437,
              "HttpStatus": 200,
              "Size": 51031,
              "URL": "http://localhost/banking/img/onbnk.jpg"
            },
            {
              "CompressionType": "",
              "DataType": "text/css",
              "DownloadTime": 15,
              "EventId": 435,
              "HttpStatus": 200,
              "Size": 2444,
              "URL": "http://localhost/banking/css/header.css"
            },
            {
              "CompressionType": "",
              "DataType": "text/css",
              "DownloadTime": 0,
              "EventId": 433,
              "HttpStatus": 200,
              "Size": 3652,
              "URL": "http://localhost/banking/css/index.css"
            },
            {
              "CompressionType": "",
              "DataType": "text/html",
              "DownloadTime": 16,
              "EventId": 411,
              "HttpStatus": 200,
              "Size": 6145,
              "URL": "http://localhost/banking/"
            },
            {
              "CompressionType": "",
              "DataType": "text/html",
              "DownloadTime": 0,
              "EventId": 381,
              "HttpStatus": 301,
              "Size": 332,
              "URL": "http://localhost/banking"
            }
          ],
          "SSLCipher": "None",
          "SSLVersion": "None"
        }
      ],
      "IncludeInScript": true
    },
    {
      "DomainName": "lencr.org",
      "Domains": [
        {
          "HTTPVersion": "HTTP/1.1",
          "IP": "23.212.50.219",
          "IncludeInScript": true,
          "Name": "r10.o.lencr.org",
          "Port": 80,
          "Requests": [
            {
              "CompressionType": "",
              "DataType": "application/ocsp-response",
              "DownloadTime": 47,
              "EventId": 511,
              "HttpStatus": 200,
              "Size": 504,
              "URL": "http://r10.o.lencr.org/"
            },
            {
              "CompressionType": "",
              "DataType": "application/ocsp-response",
              "DownloadTime": 16,
              "EventId": 474,
              "HttpStatus": 200,
              "Size": 5,
              "URL": "http://r10.o.lencr.org/"
            },
            {
              "CompressionType": "",
              "DataType": "application/ocsp-response",
              "DownloadTime": 0,
              "EventId": 431,
              "HttpStatus": 200,
              "Size": 5,
              "URL": "http://r10.o.lencr.org/"
            },
            {
              "CompressionType": "",
              "DataType": "application/ocsp-response",
              "DownloadTime": 32,
              "EventId": 425,
              "HttpStatus": 200,
              "Size": 5,
              "URL": "http://r10.o.lencr.org/"
            },
            {
              "CompressionType": "",
              "DataType": "application/ocsp-response",
              "DownloadTime": 16,
              "EventId": 421,
              "HttpStatus": 200,
              "Size": 5,
              "URL": "http://r10.o.lencr.org/"
            }
          ],
          "SSLCipher": "None",
          "SSLVersion": "None"
        }
      ],
      "IncludeInScript": true
    },
    {
      "DomainName": "firefox.com",
      "Domains": [
        {
          "HTTPVersion": "HTTP/1.1",
          "IP": "34.107.221.82",
          "IncludeInScript": true,
          "Name": "detectportal.firefox.com",
          "Port": 80,
          "Requests": [
            {
              "CompressionType": "",
              "DataType": "text/plain",
              "DownloadTime": 16,
              "EventId": 591,
              "HttpStatus": 200,
              "Size": 8,
              "URL": "http://detectportal.firefox.com/success.txt?ipv4"
            },
            {
              "CompressionType": "",
              "DataType": "text/html",
              "DownloadTime": 16,
              "EventId": 581,
              "HttpStatus": 200,
              "Size": 90,
              "URL": "http://detectportal.firefox.com/canonical.html"
            },
            {
              "CompressionType": "",
              "DataType": "text/plain",
              "DownloadTime": 0,
              "EventId": 486,
              "HttpStatus": 200,
              "Size": 8,
              "URL": "http://detectportal.firefox.com/success.txt?ipv4"
            },
            {
              "CompressionType": "",
              "DataType": "text/plain",
              "DownloadTime": 16,
              "EventId": 423,
              "HttpStatus": 200,
              "Size": 8,
              "URL": "http://detectportal.firefox.com/success.txt?ipv4"
            },
            {
              "CompressionType": "",
              "DataType": "text/html",
              "DownloadTime": 0,
              "EventId": 385,
              "HttpStatus": 200,
              "Size": 90,
              "URL": "http://detectportal.firefox.com/canonical.html"
            }
          ],
          "SSLCipher": "None",
          "SSLVersion": "None"
        }
      ],
      "IncludeInScript": true
    },
    {
      "DomainName": "digicert.com",
      "Domains": [
        {
          "HTTPVersion": "HTTP/1.1",
          "IP": "152.195.38.76",
          "IncludeInScript": true,
          "Name": "ocsp.digicert.com",
          "Port": 80,
          "Requests": [
            {
              "CompressionType": "",
              "DataType": "application/ocsp-response",
              "DownloadTime": 15,
              "EventId": 504,
              "HttpStatus": 200,
              "Size": 5,
              "URL": "http://ocsp.digicert.com/"
            },
            {
              "CompressionType": "",
              "DataType": "application/ocsp-response",
              "DownloadTime": 16,
              "EventId": 498,
              "HttpStatus": 200,
              "Size": 5,
              "URL": "http://ocsp.digicert.com/"
            }
          ],
          "SSLCipher": "None",
          "SSLVersion": "None"
        }
      ],
      "IncludeInScript": true
    }
  ],
  "WebSocket": {
    "IncludeInScript": false,
    "IsScriptIncludeWebSocket": true
  },
  "NumberOfCorrelations": 1
}